{"sensors":[{"dump":"Frame Info:<br/>Frame [ id:1152373 | timestamp:85921866592 | Hand count:(1) | Pointable count:(5) | Gesture count:(0) ]<br/><br/>Hands:<br/>  Hand (left) [ id: 651 | palm velocity:-3.183546,-8.393854,-15.195156 | sphere center:undefined ] <br/><br/><br/>Pointables:<br/>  Finger [ id:6510 46.318508mmx | width:18.076792mm | direction:0.978553,-0.031871,0.203514 ]<br/>  Finger [ id:6511 52.088047mmx | width:17.266953mm | direction:0.942743,0.072317,-0.325586 ]<br/>  Finger [ id:6512 58.908096mmx | width:16.958441mm | direction:0.823693,0.068889,-0.562836 ]<br/>  Finger [ id:6513 55.892651mmx | width:16.137032mm | direction:0.65846,0.048749,-0.751035 ]<br/>  Finger [ id:6514 44.030426mmx | width:14.334173mm | direction:0.309756,-0.043758,-0.949809 ]<br/><br/><br/>Gestures:<br/><br/><br/>Raw JSON:<br/>{\"currentFrameRate\":115.331329,\"devices\":[],\"hands\":[{\"armBasis\":[[-0.172519,0.072015,-0.98237],[-0.231735,0.966363,0.111538],[-0.957359,-0.246892,0.150027]],\"armWidth\":57.579273,\"confidence\":1,\"direction\":[0.819456,0.030813,-0.572313],\"elbow\":[-317.265045,121.447884,105.583969],\"grabAngle\":0.052772,\"grabStrength\":0,\"id\":651,\"palmNormal\":[0.049471,-0.99863,0.017068],\"palmPosition\":[-13.524029,184.05957,37.668789],\"palmVelocity\":[-3.183546,-8.393854,-15.195156],\"palmWidth\":84.48896,\"pinchDistance\":73.088058,\"pinchStrength\":0,\"timeVisible\":2.003171,\"type\":\"left\",\"wrist\":[-77.242462,183.347,67.970139]}],\"id\":1152373,\"pointables\":[{\"bases\":[[[-0.114116,0.882193,-0.456851],[0.117611,0.468618,0.875537],[-0.986481,-0.046182,0.157233]],[[0.104431,0.884125,-0.455431],[-0.137243,0.466365,0.873881],[-0.985017,0.028756,-0.170043]],[[0.122769,0.883558,-0.451943],[-0.165413,0.467235,0.868522],[-0.978553,0.031871,-0.203514]],[[0.132213,0.883243,-0.449891],[-0.179926,0.467721,0.865369],[-0.974755,0.033466,-0.220757]]],\"btipPosition\":[44.618214,173.845169,100.108963],\"carpPosition\":[-44.45303,176.625763,82.844124],\"dipPosition\":[29.014503,174.38089,96.575127],\"direction\":[0.978553,-0.031871,0.203514],\"extended\":true,\"handId\":651,\"id\":6510,\"length\":46.318508,\"mcpPosition\":[-44.45303,176.625763,82.844124],\"pipPosition\":[-0.646105,175.346909,90.406487],\"timeVisible\":2.003171,\"tipPosition\":[44.618214,173.845169,100.108963],\"type\":0,\"width\":18.076792},{\"bases\":[[[-0.425309,-0.036525,-0.904311],[0.085131,0.993141,-0.080151],[-0.901036,0.111074,0.419282]],[[-0.329715,-0.032274,-0.943529],[-0.19203,0.980815,0.033555],[-0.924344,-0.19225,0.329587]],[[-0.32412,-0.031481,-0.945492],[-0.078625,0.996885,-0.006239],[-0.942743,-0.072317,0.325586]],[[-0.315347,-0.031752,-0.948445],[0.113882,0.990951,-0.071039],[-0.942118,0.130412,0.308878]]],\"btipPosition\":[84.25267,195.893524,20.452032],\"carpPosition\":[-43.671005,196.1203,72.219498],\"dipPosition\":[73.295311,197.410294,24.044455],\"direction\":[0.942743,0.072317,-0.325586],\"extended\":true,\"handId\":651,\"id\":6511,\"length\":52.088047,\"mcpPosition\":[17.881624,188.532486,43.576981],\"pipPosition\":[53.128532,195.863312,31.009253],\"timeVisible\":2.003171,\"tipPosition\":[84.25267,195.893524,20.452032],\"type\":1,\"width\":17.266953},{\"bases\":[[[-0.551371,-0.189951,-0.812348],[-0.007801,0.974866,-0.222657],[-0.834224,0.11643,0.538995]],[[-0.552471,-0.189989,-0.811591],[-0.251077,0.966386,-0.055311],[-0.794819,-0.173214,0.581601]],[[-0.543248,-0.188609,-0.818112],[-0.162515,0.979633,-0.117932],[-0.823693,-0.068889,0.562836]],[[-0.527198,-0.189039,-0.828448],[-0.003127,0.975365,-0.220574],[-0.849736,0.113696,0.514802]]],\"btipPosition\":[71.819641,197.174286,-18.862984],\"carpPosition\":[-47.356205,197.072525,61.362743],\"dipPosition\":[61.056381,198.614426,-12.342198],\"direction\":[0.823693,0.068889,-0.562836],\"extended\":true,\"handId\":651,\"id\":6512,\"length\":58.908096,\"mcpPosition\":[6.687487,189.529831,26.444931],\"pipPosition\":[40.475098,196.893127,1.721151],\"timeVisible\":2.003171,\"tipPosition\":[71.819641,197.174286,-18.862984],\"type\":2,\"width\":16.958441},{\"bases\":[[[-0.665957,-0.243692,-0.705064],[-0.073763,0.962018,-0.262831],[-0.742334,0.123027,0.658638]],[[-0.723633,-0.245224,-0.645151],[-0.289957,0.956275,-0.038253],[-0.626322,-0.159386,0.763097]],[[-0.721115,-0.244816,-0.648119],[-0.215461,0.968343,-0.126048],[-0.65846,-0.048749,0.751035]],[[-0.717211,-0.245189,-0.652297],[-0.054746,0.952988,-0.298021],[-0.694702,0.178033,0.696917]]],\"btipPosition\":[39.454346,192.233002,-42.873547],\"carpPosition\":[-52.558113,194.218414,51.849854],\"dipPosition\":[30.823523,194.444839,-34.215214],\"direction\":[0.65846,0.048749,-0.751035],\"extended\":true,\"handId\":651,\"id\":6513,\"length\":55.892651,\"mcpPosition\":[-9.380608,187.062622,13.540487],\"pipPosition\":[15.035414,193.27597,-16.207418],\"timeVisible\":2.003171,\"tipPosition\":[39.454346,192.233002,-42.873547],\"type\":3,\"width\":16.137032},{\"bases\":[[[-0.725995,-0.383396,-0.570911],[-0.241738,0.919468,-0.310066],[-0.643813,0.087096,0.76021]],[[-0.878423,-0.386043,-0.281681],[-0.399352,0.916732,-0.010996],[-0.26247,-0.102831,0.959445]],[[-0.881974,-0.386409,-0.269832],[-0.355208,0.921289,-0.158286],[-0.309756,0.043758,0.949809]],[[-0.891803,-0.38091,-0.244121],[-0.243251,0.858652,-0.45116],[-0.381466,0.342963,0.858405]]],\"btipPosition\":[-7.513897,179.909714,-52.162083],\"carpPosition\":[-59.985279,186.112503,44.573692],\"dipPosition\":[-11.922175,183.873047,-42.242226],\"direction\":[0.309756,-0.043758,-0.949809],\"extended\":true,\"handId\":651,\"id\":6514,\"length\":44.030426,\"mcpPosition\":[-25.32094,181.423065,3.642235],\"pipPosition\":[-17.173878,184.614929,-26.138865],\"timeVisible\":2.003171,\"tipPosition\":[-7.513897,179.909714,-52.162083],\"type\":4,\"width\":14.334173}],\"timestamp\":85921866592}","toString":"Frame [ id:1152373 | timestamp:85921866592 | Hand count:(1) | Pointable count:(5) | Gesture count:(0) ]","hands":[{"palmPosition":[-13.524029,184.05957,37.668789],"grabStrength":0,"confidence":1,"direction":[0.819456,0.030813,-0.572313],"palmNormal":[0.049471,-0.99863,0.017068],"palmVelocity":[-3.183546,-8.393854,-15.195156],"pinchStrength":0,"type":"left","toString":"Hand (left) [ id: 651 | palm velocity:-3.183546,-8.393854,-15.195156 | sphere center:undefined ] ","roll":0.049498403378972364,"pitch":0.05378748918652084,"yaw":0.9611409518316677,"arm":{"basis":[[-0.172519,0.072015,-0.98237],[-0.231735,0.966363,0.111538],[-0.957359,-0.246892,0.150027]],"width":57.579273,"center":[-197.25375366210938,152.39744567871094,86.77705383300781],"matrix":[0.1725189983844757,-0.07201500236988068,0.9823700189590454,-197.25375366210938,-0.2317350059747696,0.9663630127906799,0.11153800040483475,152.39744567871094,-0.9573590159416199,-0.24689200520515442,0.15002700686454773,86.77705383300781,0,0,0,1],"nextJoint":[-77.242462,183.347,67.970139],"prevJoint":[-317.265045,121.447884,105.583969],"type":4},"fingers":[{"bones":[{"basis":[[-0.114116,0.882193,-0.456851],[0.117611,0.468618,0.875537],[-0.986481,-0.046182,0.157233]],"center":[-44.45302963256836,176.62576293945312,82.84412384033203],"matrix":[0.11411599814891815,-0.8821930289268494,0.4568510055541992,-44.45302963256836,0.11761099845170975,0.4686180055141449,0.8755369782447815,176.62576293945312,-0.9864810109138489,-0.046181999146938324,0.15723299980163574,82.84412384033203,0,0,0,1],"nextJoint":[-44.45303,176.625763,82.844124],"prevJoint":[-44.45303,176.625763,82.844124],"width":18.076792,"type":0},{"basis":[[0.104431,0.884125,-0.455431],[-0.137243,0.466365,0.873881],[-0.985017,0.028756,-0.170043]],"center":[-22.54956817626953,175.98634338378906,86.62530517578125],"matrix":[-0.10443100333213806,-0.8841249942779541,0.4554310142993927,-22.54956817626953,-0.13724300265312195,0.4663650095462799,0.8738809823989868,175.98634338378906,-0.9850170016288757,0.028756000101566315,-0.1700430065393448,86.62530517578125,0,0,0,1],"nextJoint":[-0.646105,175.346909,90.406487],